,0,1,2,3,4,5
0,205.402,46.64,4.85,35.374,76.715,35.365
1,198.362,43.943,4.6,32.199,66.064,48.51
2,190.779,42.076,9.572,35.896,64.253,42.442
3,236.587,55.662,5.439,57.067,81.282,47.262
4,223.899,55.474,4.019,61.816,98.496,73.213
5,195.74,42.721,3.089,30.727,58.682,40.578
6,172.052,45.749,3.117,32.112,42.213,52.56
7,152.57,45.433,10.605,39.67,65.88,43.968
8,187.439,41.131,2.106,25.921,58.86,37.837
9,179.833,62.344,9.025,37.86,58.936,41.429
10,270.343,76.564,8.928,68.277,85.936,52.238
11,300.189,71.615,13.994,81.706,72.168,55.96
12,190.832,32.028,11.605,44.379,61.24,42.113
13,190.599,57.575,9.007,34.747,66.745,44.836
14,217.442,37.962,10.238,38.17,73.354,42.196
15,212.526,39.45,11.354,26.586,72.656,53.259
16,195.67,44.198,10.727,37.251,61.025,51.908
17,274.265,61.088,10.418,56.585,85.051,71.692
18,319.791,76.351,11.124,71.772,102.711,79.821
19,204.997,47.431,9.548,33.947,67.35,52.617
20,214.99,49.005,12.744,27.094,56.993,45.905
21,232.41,53.675,10.85,48.247,81.309,66.678
22,199.984,39.425,30.417,44.142,57.639,56.759
23,176.325,37.695,11.74,34.97,57.58,49.201
24,227.137,57.421,10.424,61.874,94.206,67.013
25,250.825,64.119,12.988,69.521,102.061,71.295
26,198.009,42.876,17.265,36.121,71.402,52.777
27,165.443,34.937,13.959,40.34,66.001,47.728
28,193.729,42.22,18.597,40.777,82.494,54.315
29,201.743,38.198,10.645,46.311,67.643,50.774
30,197.166,37.549,19.062,34.092,41.104,45.587
31,229.89,54.362,21.432,48.805,66.156,53.797
32,243.138,49.219,56.154,50.893,67.963,54.961
33,207.843,44.426,15.555,45.191,86.474,48.575
34,180.012,44.534,26.208,30.591,73.365,45.301
35,244.395,43.631,21.452,49.472,82.229,62.84
36,234.777,40.827,19.115,31.596,74.047,48.611
37,204.941,40.272,25.415,51.799,78.611,68.177
38,311.161,58.156,27.461,63.764,100.292,92.144
39,250.59,54.876,25.9,51.835,73.684,73.073
40,210.292,50.7,30.683,47.664,78.735,36.094
41,216.713,56.279,20.458,33.572,73.292,40.017
42,206.877,50.065,27.355,36.009,85.166,34.195
43,188.208,47.468,19.324,31.109,61.768,35.65
44,217.758,58.582,29.991,37.826,76.489,53.795
45,245.136,79.38,25.642,43.279,94.285,58.015
46,241.48,60.231,24.454,48.366,95.285,55.093
47,215.633,51.749,15.916,35.014,72.953,47.418
48,225.113,55.92,21.753,34.019,76.92,45.716
49,214.173,64.061,17.95,30.347,80.919,50.126
50,233.532,69.587,22.966,37.957,75.953,54.411
51,207.076,50.062,34.598,29.694,85.198,50
52,273.081,55.886,42.772,30.422,116.801,49.895
53,261.552,71.556,46.057,47.316,93.714,55.226
54,260.694,41.784,20.305,26.874,97.079,39.576
55,343.427,47.761,20.062,23.272,107.213,54.488
56,241.686,82.544,18.95,30.722,82.32,42.811
57,199.007,92.506,19.487,19.129,89.92,50.458
58,195.032,39.93,20.997,24.597,156.11,55.659
59,267.031,56.803,65.814,30.675,145.627,62.431
60,266.387,80.779,30.005,21.641,155.811,73.195
61,224.882,54.722,52.949,15.943,117.965,44.776
62,190.627,55.858,47.658,26.329,102.504,47.282
63,179.819,38.716,17.941,13.873,83.969,51.011
64,193.463,38.893,15.996,14.172,87.119,48.163
65,176.316,46.612,16.635,20.233,91.579,54.43
66,249.559,57.828,42.554,33.731,110.439,62.594
67,275.793,53.202,46.963,33.397,126.5,78.472
68,148.221,26.257,38.926,17.365,56.473,41.804
69,158.329,33.239,19.127,20.623,50.259,32.389
70,131.492,32.73,12.161,12.041,39.795,33.45
71,119.919,57.319,14.492,16.916,49.321,35.789
72,151.957,31.538,13.364,22.019,50.22,48.467
73,231.525,43.337,16.957,21.411,74.51,73.173
74,263.345,41.704,18.739,28.737,83.723,74.834
75,175.844,64.257,17.361,16.134,48.55,31.147
76,156.048,29.878,19.219,13.243,49.991,41.578
77,176.949,59.448,18.818,15.194,46.895,35.413
78,143.534,32.648,17.437,22.924,46.145,39.259
79,154.388,27.705,11.389,13.805,48.075,38.541
80,235.874,82.76,39.431,30.406,84.269,60.52
81,317.998,53.497,39.551,41.474,99.148,50.42
82,212.997,39.191,16.289,20.868,56.561,63.529
83,232.243,40.905,37.808,25.819,77.009,49.058
84,179.262,31.972,18.629,22.515,54.327,56.265
85,162.861,38.952,51.886,18.9,50.486,61.011
86,173.781,41.561,22.732,26.529,53.938,64.509
87,226.926,86.643,65.744,33.517,68.094,94.495
88,199.813,35.964,28.289,20.532,54.459,72.522
89,114.933,24.576,11.861,18.401,37.41,46.913
90,157.957,28.105,24.135,24.719,57.017,45.485
91,177.129,60.771,36.839,25.865,53.628,110.358
92,248.415,93.928,55.356,32.482,64.092,103.929
93,244.124,67.145,21.931,38.762,69.054,89.316
94,298.341,44.493,18.497,63.535,84.728,60.052
95,232.776,34.491,19.254,43.849,75.21,122.501
96,294.623,92.279,79.752,31.128,87.933,126.518
97,286.959,108.157,25.784,42.318,81.727,124.059
98,255.378,56.266,52.907,29.085,63.151,80.421
99,252.73,49.58,31.952,33.49,72.023,328.488
100,162.518,55.845,51.476,24.289,51.243,57.258
101,175.163,37.393,22.07,26.814,52.511,75.63
102,238.081,60.47,57.223,34.726,70.214,163.664
103,170.212,34.815,38.333,17.876,48.979,102.385
104,177.945,47.321,50.519,23.119,49.116,48.021
105,182.96,48.259,46.207,13.742,46.36,73.831
106,190.238,59.624,42.162,19.447,45.236,72.91
107,170.77,88.361,58.973,20.139,44.67,69.805
108,248.762,109.311,87.12,30.556,96.277,115.557
109,226.735,91.597,79.338,36.361,88.247,113.125
110,152.709,57.412,40.6,20.03,56.69,58.338
111,186.078,30.899,49.434,13.777,49.296,45.419
112,168.765,40.555,21.201,15.327,48.047,56.114
113,117.235,26.166,35.917,14.725,50.037,94.688
114,211.914,23.854,30.801,14.427,43.758,114.306
115,282.107,31.113,67.932,22.221,77.097,115.39
116,223.397,43.114,71.16,30.136,72.537,104.16
117,157.373,22.371,20.666,10.797,45.439,62.363
118,154.566,23.305,21.273,13.444,45.479,56.508
119,167.542,30.297,32.418,12.238,49.395,75.211
120,120.551,24.902,15.828,14.436,52.654,81.051
121,148.243,28.939,18.769,12.192,46.452,74.23
122,248.102,82.701,79.265,16.499,81.292,135.284
123,206.956,69.062,71.332,15.407,73.722,127.967
124,144.442,32.726,15.053,11.378,54.351,78.321
125,135.067,51.945,15.727,10.846,66.834,64.341
126,122.114,67.527,18.183,10.702,59.731,195.34
127,146.327,57.354,8.347,9.067,45.282,129.089
128,142.586,95.136,13.443,7.22,49.287,80.153
129,223.593,121.453,71.413,10.878,69.738,122.896
130,209.808,125.591,58.207,16.906,78.907,124.492
131,144.911,57.592,14.579,10.063,64.616,63.22
132,157.962,25.698,12.103,9.574,54.663,64.18
133,150.867,63.25,17.155,15.585,65.834,64.522
134,151.144,13.406,15.237,15.508,58.851,68.656
135,141.977,60.306,13.766,8.044,70.246,67.676
136,207.145,84.001,58.127,18.146,71.84,92.793
137,227.231,77.798,45.353,17.736,74.078,73.108
138,140.087,48.64,14.45,15.672,45.345,54.363
139,222.517,43.621,24.762,12.224,43.486,131.979
140,203.322,50.438,19.171,15.946,45.407,99.089
141,207.8,77.165,22.977,12.808,59.111,90.297
142,244.555,52.701,22.48,9.804,53.492,70.888
143,460.103,114.066,95.375,25.15,79.344,169.382
144,371.968,119.596,67.538,26.933,99.221,160.154
145,294.311,74.623,34.987,15.902,59.056,195.788
146,220.189,60.927,44.692,13.897,52.157,117.661
147,237.713,37.137,38.697,13.199,39.054,95.581
148,282.923,34.766,24.099,12.868,48.086,110.276
149,225.596,28.934,23.178,13.175,53.116,112.979
150,400.295,79.441,30.289,18.759,82.485,187.133
151,287.707,77.335,31.494,20.702,66.151,168.218
152,207.353,41.156,18.481,18.29,54.214,100.486
153,287.797,25.82,25.029,9.271,47.882,99.477
154,213.665,24.46,22.979,9.603,48.74,185.141
155,274.097,27.342,35.348,12.913,48.795,97.395
156,242.529,27.457,87.25,11.517,42.929,110.875
157,306.959,72.116,43.518,18.693,50.32,155.115
158,367.129,67.968,93.761,18.881,61.77,234.205
159,197.718,29.017,60.127,10.537,39.566,91.333
160,183.98,29.686,78.345,10.904,37.891,89.028
161,180.673,20.825,39.897,9.89,36.059,80.164
162,188.539,20.405,48.448,11.411,45.747,89.363
163,212.51,30.644,55.358,14.918,44.514,94.153
164,269.619,65.466,71.47,11.965,54.731,174.119
165,375.781,78.67,73.578,20.845,76.784,197.615
166,197.654,33.376,65.517,12.715,48.394,83.089
167,203.808,33.43,51.18,10.295,41.066,99.764
168,152.029,26.065,47.282,9.313,34.84,74.212
169,167.799,31.098,47.929,12.154,33.18,94.652
170,150.625,26.454,63.362,19.541,41.801,86.26
171,266.55,60.29,85.825,14.524,68.24,154.681
172,276.911,89.851,77.313,14.386,64.273,141.972
173,136.041,37.057,48.468,12.997,30.846,84.045
174,152.185,27.346,38.698,11.079,38.615,75.886
175,143.732,39.823,43.83,9.4,41.738,67.604
176,218.533,39.293,61.288,9.801,37.463,75.626
177,159.654,33.711,65.984,10.328,53.083,148.943
178,285.224,62.717,103.905,16.19,52.907,135.658
179,288.755,51.016,93.232,11.874,52.745,118.129
180,251.455,33.949,63.262,13.266,45.863,69.819
181,223.512,33.714,54.924,12.741,28.906,79.647
182,146.39,33.438,75.742,16.318,32.167,66.631
183,179.177,23.092,73.305,20.725,45.584,120.945
184,224.797,55.985,91.569,18.037,67.733,136.338
185,212.911,31.833,102.214,18.302,61.502,115.296
186,224.88,50.09,76.505,13.385,73.797,103.871
187,177.801,24.728,68.248,9.867,58.505,95.499
188,154.654,49.049,89.144,14.439,37.556,83.705
189,176.824,51.711,49.852,13.689,44.528,81.462
190,161.628,42.427,54.723,12.56,50.183,96.002
191,234.462,29.703,53.904,12.049,37.342,90.415
192,233.427,47.188,90.49,17.965,78.498,129.833
193,250.645,57.696,79.563,23.755,68.365,137.986
194,182.204,28.862,47.911,15.841,46.768,81.67
195,173.449,18.847,55.595,6.304,35.595,73.283
196,172.101,25.301,40.616,0,37.065,76.684
197,148.947,34.119,43.51,18.643,39.296,75.963
198,171.213,30.979,51.428,14.644,39.211,101.383
199,252.825,45.807,82.624,20.109,76.174,150.015
200,228.991,45.21,67.482,24.613,74.534,141.492
201,167.119,33.17,48.095,10.266,48.166,72.532
202,216.055,33.818,42.265,9.304,50.827,74.431
203,197.824,33.627,44.546,19.321,51.058,90.131
204,219.93,27.553,48.089,23.411,57.724,63.013
205,218.136,32.636,48.728,12.333,54.45,88.796
206,214.815,48.218,66.893,20.333,87.038,117.521
207,350.342,56.086,88.664,23.807,99.115,127.934
208,224.149,34.554,86.892,20.041,68.681,79.116
209,215.643,36.857,59.222,16.078,57.954,101.362
210,208.029,50.986,50.075,11.937,105.094,108.756
211,160.384,47.788,58.18,17.792,70.075,80.927
212,151.962,56.588,48.372,15.072,66.029,69.324
213,236.777,63.124,39.938,23.084,91.796,94.904
214,249.269,37.907,47.573,24.61,84.451,104.054
215,181.621,25.144,50.34,13.664,71.64,69.564
216,193.791,41.328,47.323,24.133,92.145,88.048
217,223.102,84.615,36.091,14.938,79.053,91.564
218,197.832,69.983,61.4,27.716,96.194,111.069
219,194.292,58.169,56.39,25.906,124.448,95.222
220,212.817,75.497,55.472,39.051,194.842,119.696
221,193.778,53.682,101.527,43.635,159.904,147.812
222,234.405,122.215,124.55,58.326,289.227,240.205
223,282.558,139.056,211.431,87.912,423.696,326.993
224,499.848,167.055,296.792,118.931,505.888,511.136
225,0,0,0,0,0,0
226,0,0,0,0,0,0
227,243.485,22.759,50,28.967,104.485,74.519
228,195.74,16.607,65.073,25.06,116.812,164.586
229,300.13,41.123,68.394,39.655,168.272,210.745
230,253.696,40.493,67.819,31.647,151.649,174.61
231,180.052,33.589,53.632,30.358,133.646,144.793
232,227.336,56.001,62.327,18.17,105.697,130.174
233,184.169,47.197,73.044,13.769,116.07,92.327
234,175.262,39.445,60.612,21.798,119.306,88.794
235,144.855,35.248,38.554,33.803,80.423,79.403
236,139.491,30.813,40.444,15.47,72.834,66.554
237,136.05,24.456,44.084,25.429,85.425,77.586
238,190.158,37.41,54.382,22.668,60.043,88.233
239,156.613,39.885,74.027,34.618,100.118,110.557
240,276.322,70.064,72.508,31.286,135.777,159.095
241,218.04,74.704,45.651,22.579,122.322,116.814
242,305.647,54.382,49.705,27.705,114.677,111.764
243,241.709,28.579,29.048,27.232,97.068,79.404
244,182.984,40.61,46.406,16.541,83.363,62.044
245,186.008,22.01,20.757,23.654,80.749,71.027
246,145.281,18.952,28.177,20.344,93.076,72.465
247,211.185,41.955,35.138,22.986,101.498,82.585
248,288.817,64.332,61.735,38.176,167.583,151.214
249,257.809,84.586,36.889,26.748,122.568,125.428
250,211.746,45.65,26.921,19.815,80.399,78.721
251,170.907,34.073,42.608,20.838,66.895,143.511
252,119.599,25.101,24.891,14.35,59.548,91.994
253,158.357,30.749,31.801,16.37,57.357,75.477
254,152.44,31.282,21.764,23.836,102.131,84.232
255,169.055,43.017,47.086,26.434,104.089,101.865
256,176.032,41.13,30.295,17.721,117.089,75.95
257,90.812,28.603,22.597,13.658,85.656,40.423
258,100.121,19.792,19.772,13.577,72.126,44.844
259,107.653,29.326,19.493,19.313,83.755,44.029
260,128.058,29.081,20.852,11.866,73.733,65.501
261,140.893,42.902,39.292,16.235,67.509,69.141
262,267.979,34.377,39.984,21.477,117.89,77.235
263,199.712,51.413,41.705,17.949,112.176,94.838
264,115.022,30.625,10.113,11.561,70.689,50.802
265,134.706,28.634,13.349,19.312,66.931,48.174
266,103.505,27.331,14.013,15.113,42.484,35.583
267,86.632,25.174,15.827,14.621,50.798,46.89
268,167.327,48.956,40.178,21.313,60.937,83.562
269,199.727,51.805,43.191,26.111,78.794,69.658
270,161.164,50.119,30.71,19.628,78.41,55.673
271,111.308,60.434,15.5,16.139,62.154,47.327
272,130.803,26.924,14.905,21.407,57.851,32.145
273,143.294,28.74,19.503,21.649,59.255,45.089
274,162.291,39.109,20.743,20.604,52.994,48.978
275,178.71,69.53,37.764,20.665,70.727,72.574
276,212.267,68.593,38.786,32.71,100.323,75.739
277,192.021,71.456,33.95,22.976,88.244,61.709
278,178.469,76.701,24.241,16.492,112.577,68.049
279,55.611,13.13,3.622,3.138,35.075,11.671
280,198.107,26.939,17.735,16.213,62.9,47.805
281,136.899,22.294,9.582,20.319,52.596,35.491
282,145.026,51.978,29.704,17.451,54.274,31.401
283,203.93,50.186,22.753,25.525,84.84,60.287
284,211.619,47.112,22.196,24.902,94.326,52.29
285,148.371,32.027,4.178,10.203,38.756,43.328
286,127.207,28.593,5.553,13.4,51.48,40.041
287,151.83,30.12,19.197,18.975,47.052,41.387
288,130.081,27.05,17.098,12.151,44.413,40.15
289,130.808,40.232,19.018,15.371,62.197,47.162
290,194.951,77.636,35.302,20.407,72.266,70.817
291,194.451,48.315,22.237,28.972,118.063,56.607
292,134.781,25.092,12.658,17.311,59.015,36.293
293,150.715,30.338,12.167,16.234,64.062,37.651
294,182.939,49.748,13.078,26.622,50.684,31.173
295,150.806,34.615,11.64,15.227,47.905,40.04
296,171.226,47.035,10.413,27.427,53.397,49.109
297,264.803,107.309,17.178,37.796,102.501,78.6
298,221.785,94.264,11.454,24.708,71.047,37.692
299,151.258,43.118,11.871,12.618,60.716,37.392
300,135.216,26.49,9.127,31.042,50.15,26.08
301,125.4,29.405,7.359,27.487,47.189,33.609
302,134.898,33.858,8.818,15.705,54.543,32.548
303,138.585,38.125,14.856,26.786,52.865,34.271
304,171.826,57.443,18.075,19.976,77.396,50.81
305,198.544,36.466,17.439,22.784,80.42,47.435
306,226.265,37.613,18.743,25.175,83.419,54.995
307,200.985,37.838,8.799,18.032,43.846,42.643
308,203.532,34.156,15.352,17.339,72.08,60.989
309,151.84,21.199,5.992,22.682,73.006,30.192
310,147.508,26.046,6.436,20.724,73.962,33.543
311,160.786,28.122,11.457,22.625,69.529,33.331
312,216.668,37.443,21.145,30.75,95.075,44.849
313,157.721,30.866,8.06,24.956,60.825,26.427
314,190.06,27.768,8.963,26.533,46.524,29.889
315,182.519,19.252,6.081,19.247,42.616,31.02
316,157.293,24.095,14.949,20.687,47.949,29.537
317,191.116,40.997,11.412,32.193,51.909,29.278
318,258.278,37.347,12.399,40.776,86.637,49.932
319,212.588,52.382,6.386,19.009,153.409,51.103
320,176.658,27.587,5.011,29.921,76.099,25.733
321,173.271,31.098,12.309,23.783,84.864,29.45
322,140.823,33.901,12.199,20.578,76.853,28.798
323,148.851,17.189,8.975,22.177,60.967,35.447
324,106.472,33.979,4.178,21.886,36.494,43.516
325,190.363,34.962,9.18,25.845,98.936,45.209
326,217.259,64.231,17.229,42.331,137.485,62.384
327,148.831,40.924,4.28,17.043,54.772,29.627
328,130.325,29.554,5.412,17.94,57.519,35.047
329,166.467,46.547,4.008,15.81,65.416,31.969
330,145.237,43.952,8.319,15.645,37.078,19.574
331,123.824,42.189,6.205,16.472,67.01,28.172
332,180.875,52.779,9.57,18.291,116.845,35.882
333,196.236,21.296,4.719,27.038,106.615,33.492
334,191.98,39.165,5.404,25.363,60.118,34.114
335,151.091,41.593,7.217,26.938,76.648,33.668
336,178.517,43.414,8.681,27.706,89.386,43.528
337,142.372,36.284,11.019,11.679,75.206,48.365
338,121.093,31.416,13.461,16.743,63.703,47.048
339,204.287,61.486,19.495,36.367,91.95,42.32
340,222.817,42.143,7.182,30.644,88.671,32.745
341,148.539,24.819,8.757,29.868,68.965,27.872
342,144.482,25.106,7.394,24.611,56.101,28.108
343,126.359,26.845,7.943,19.353,52.093,31.399
344,122.004,13.847,10.34,24.961,57.091,29.393
345,129.982,21.048,6.744,16.567,74.873,25.579
346,210.267,52.462,22.347,48.073,77.636,61.009
347,211.28,62.324,11.431,40.009,88.876,74.602
348,169.858,73.037,14.049,37.545,69.072,56.049
349,127.719,45.326,9.998,20.698,60.187,31.346
350,104.991,12.99,5.187,19.793,46.695,29.826
351,113.507,48.477,9.409,28.237,45.845,22.835
352,150.875,34.971,7.902,27.339,46.754,29.867
353,203.369,44.511,10.313,30.488,87.633,39.484
354,202.307,43.614,10.001,61.881,84.134,38.578
355,150.07,54.07,9.9,18.566,58.693,24.224
356,126.151,26.162,13.91,30.314,56.135,29.299
357,123.214,57.723,10.931,24.859,53.901,32.793
358,127.946,34.885,6.119,19.543,41.586,31.747
359,146.582,40.437,10.916,12.896,35.531,32.537
360,197.69,71.821,20.953,35.449,82.439,47.402
361,213.547,56.542,19.982,31.776,79.121,49.14
362,125.782,35.784,9.933,21.088,45.81,33.153
363,110.196,34.383,9.52,19.721,40.321,26.399
364,125.415,27.052,7.464,27.425,39.114,41.537
365,148.597,33.72,8.512,26.278,54.567,32.65
366,133.586,24.972,10.79,28.565,51.785,34.247
367,197.925,48.497,29.657,47.285,73.552,66.849
368,197.322,45.679,24.214,39.241,57.583,44.466
369,176.276,66.355,14.947,49.588,53.877,40.491
370,173.864,44.901,7.861,49.005,46.553,36.365
371,149.514,40.488,8.404,31.752,38.244,26.099
372,143.491,61.361,12.209,33.078,44.995,34.071
373,114.966,28.476,4.507,22.81,34.612,26.496
374,176.065,70.59,14.838,49.929,52.771,41.077
375,212.957,75.634,14.099,40.365,39.195,38.382
376,140.305,24.48,7.559,24.025,42.472,24.08
377,149.772,47.258,7.123,28.125,24.629,18.59
378,163.863,50.127,14.182,20.281,51.339,43.512
379,141.75,27.632,5.78,17.221,48.957,29.008
380,236.055,39.074,23.636,53.38,57.948,47.644
381,223.655,79.353,27.115,29.918,60.204,46.115
382,234.028,60.81,30.138,31.604,67.134,43.166
383,174.827,34.935,15.754,19.986,40.146,40.629
384,152.362,46.461,12.512,19.324,40.886,27.025
385,152.653,52.983,18.057,22.554,58.081,35.828
386,154.625,34.223,17.843,26.636,56.815,31.031
387,150.636,38.509,13.844,19.1,45.06,28.61
388,206.923,50.323,32.222,37.029,82.893,35.038
389,248.502,60.229,24.134,29.736,72.385,36.532
390,155.365,25.066,16.444,16.386,47.928,30.861
391,189.082,53.678,33.891,20.927,54.649,29.008
392,205.803,58.303,32.418,15.551,63.485,35.805
393,193.613,31.376,17.107,59.522,33.377,26.28
394,214.155,43.631,20.72,33.845,50.321,28.865
395,255.972,47.859,23.282,24.536,57.015,44.567
396,251.271,66.798,36.228,20.536,76.324,42.984
397,283.115,24.162,22.943,35.577,79.129,57.648
398,264.825,20.641,27.549,48.444,55.901,42.284
399,313.269,14.278,22.617,33.147,89.04,50.028
400,245.944,26.638,14.856,29.12,65.069,58.355
401,189.756,28.948,22.376,20.331,51.048,51.397
402,232.089,40.416,28.627,23.784,69.382,53.974
403,265.775,50.406,24.273,32.192,54.567,57.351
404,234.344,56.607,19.711,31.015,61.457,41.987
405,193.189,11.233,24.532,22.361,66.971,39.23
406,225.45,1.054,20.738,25.757,61.666,44.244
407,275.876,12.87,28.536,37.175,83.793,52.211
408,274.08,3.504,37.722,49.079,88.147,57.871
409,281.13,16.528,27.112,35.09,96.491,74.363
410,297.499,8.103,49.471,31.245,78.097,61.545
411,190.573,6.045,50.533,24.663,52.116,41.091
412,183.216,9.498,56.145,28.565,59.86,57.879
413,185.59,8.645,54.55,25.035,54.41,38.636
414,183.245,8.906,28.569,31.478,50.988,35.688
415,195.116,47.274,27.29,25.752,47.075,42.358
416,241.956,34.9,37.692,33.887,67.629,70.575
417,281.156,1.546,51.313,21.861,94.447,60.822
418,178.374,4.509,38.788,29.713,15.773,40.53
419,168.012,9.207,31.616,22.695,53.891,43.365
420,145.216,2.219,35.363,27.139,53.903,34.177
421,255.505,5.452,63.126,34.842,61.124,49.747
422,259.053,19.568,56.396,33.381,64.045,61.288
423,244.915,35.502,49.574,34.078,75.85,61.493
424,229.082,56.181,55.375,39.917,81.325,65.999
425,178.587,48.287,40.953,41.208,65.327,47.989
426,165.821,42.879,31.335,39.432,66.341,42.531
427,177.642,8.003,47.449,27.264,44.769,61.883
428,161.364,27.869,45.638,24.511,44.128,40.494
429,149.219,24.967,54.834,20.685,42.436,46.246
430,221.353,32.878,66.409,26.823,90.712,78.639
431,238.552,51.129,58.946,30.823,63.285,74.857
432,191.936,34.751,33.471,20.716,42.718,37.744
433,163.316,23.172,34.142,19.175,45.236,44.438
434,161.268,15.183,38.571,16.32,36.083,42.227
435,120.989,14.255,39.028,12.804,39.957,41.432
436,133.882,24.651,43.851,13.491,36.978,35.582
437,257.43,18.06,67.532,26.026,53.88,62.394
438,275.532,32.063,57.208,34.906,52.389,57.278
439,152.695,11.356,29.937,26.428,46.014,31.415
440,163.291,10.777,41.431,24.411,34.598,35.185
441,150.327,12.702,32.841,20.887,33.653,35.282
442,97.458,9.283,35.965,28.808,33.706,38.913
443,128.348,13.163,31.276,22.689,30.378,33.651
444,134.22,35.325,34.827,25.935,44.636,41.645
445,216.23,51.647,93.77,46.835,75.511,112.917
446,224.186,69.542,94.882,40.869,88.257,92.067
447,239.505,56.3,93.256,32.084,100.2,80.697
448,137.039,38.956,29.818,31.009,50.36,36.948
449,107.29,27.236,19.216,22.845,45.19,33.308
450,104.375,8.431,32.314,15.31,39.936,40.365
451,185.574,46.058,43.444,35.554,76.729,38.452
452,148.806,2.299,48.23,28.75,46.272,27.192
453,96.875,4.863,42.395,11.333,32.674,12.762
454,104.01,12.669,33.697,19.696,34.777,21.671
455,113.135,23.336,39.563,14.816,50.474,15.119
456,106.123,34.511,38.451,18.757,37.589,22.234
457,205.461,56.82,69.809,36.474,80.011,43.638
458,168.625,40.392,61.246,31.701,66.537,38.088
459,174.094,41.672,51.096,27.065,37.727,43.27
460,170.882,39.913,39.501,20.632,67.602,38.497
461,180.889,51.134,53.813,35.634,73.28,33.255
462,264.068,41.573,50.349,23.643,78.097,55.723
463,183.467,23.278,51.57,20.343,62.908,45.794
464,138.096,19.823,49.695,23.041,65.805,49.062
465,132.744,22.222,41.198,16.792,61.377,33.34
466,262.562,40.329,58.704,24.273,109.841,77.621
467,88.447,4.407,45.351,14.56,64.755,26.96
468,99.674,18.362,29.953,12.799,57.257,38.769
469,88.237,16.528,36.526,11.277,44.341,39.51
470,77.809,14.852,38.264,10.191,38.431,28.438
471,146.297,23.991,65.659,10.811,54.933,84.89
472,273.582,36.28,54.821,14.772,93.373,73.514
473,163.589,26.795,56.02,13.639,64.308,65.816
474,84.784,20.606,44.513,10.502,40.29,30.066
475,78.684,16.958,42.738,8.766,40.052,32.2
476,109.339,25.154,41.248,8.978,43.48,41.794
477,79.858,11.947,46.91,11.262,29.336,38.753
478,75.936,16.412,45.315,5.062,30.078,40.039
479,99.498,18.086,61.274,9.346,51.363,87.828
480,101.014,9.108,47.917,11.389,41.481,55.632
481,48.556,8.749,33.696,7.279,27.46,46.731
482,66.948,12.041,37.216,8.68,35.664,48.637
483,94.727,15.305,36.161,6.836,32.692,35.369
484,80.941,6.449,37.949,3.122,25.502,31.659
485,89.73,13.574,40.045,11.124,25.203,47.926
486,140.981,17.279,59.756,12.133,26.181,79.731
487,92.342,28.424,55.961,8.639,35.237,75.305
488,60.969,26.24,44.316,10.293,23.439,40.999
489,68.055,25.844,39.893,13.551,25.556,49.667
490,50.572,27.868,39.941,5.176,25.359,82.957
491,64.051,23.879,42.366,12.227,24.241,61.122
492,83.345,37.479,58.696,6.524,37.123,104.608
493,108.548,26.725,63.927,9.658,35.493,128.993
494,145.887,35.638,64.622,14.185,46.669,155.029
495,66.376,28.296,58.811,10.662,24.775,58.558
496,44.431,27.373,43.617,3.419,23.626,52.288
497,49.063,27.656,49.851,3.044,28.642,48.096
498,48.787,13.156,35.903,3.602,22.692,47.256
499,51.422,18.935,50.696,10.337,25.182,55.136
500,70.452,20.049,55.708,10.383,28.792,57.321
501,99.456,30.582,53.001,14.612,39.412,71.072
502,42.62,12.677,28.879,7.194,29.577,36.29
503,53.515,12.525,19.63,2.834,27.575,35.93
504,45.689,15.791,34.26,7.203,23.355,43.704
505,41.864,6.018,21.426,3.246,16.566,35.182
506,38.008,8.768,28.706,6.776,19.49,35.174
507,95.311,14.406,54.147,9.051,33.727,73.711
508,80.775,19.739,47.591,17.99,30.26,102.367
509,42.247,9.756,32.75,9.175,22.036,24.416
510,55.622,9.495,31.403,5.163,18.004,24.705
511,39.991,12.559,33.315,9.217,21.68,22.259
512,44.906,10.217,30.299,5.166,20.413,17.266
513,51.836,17.511,41.234,6.06,14.855,23.644
514,68.057,23.115,58.68,11.622,37.347,43.646
515,78.347,21.817,49.546,9.694,25.149,56.96
516,57.865,9.182,29.92,5.796,19.812,20.934
517,43.009,25.737,30.369,7.103,32.472,30.467
518,73.794,18.538,30.015,5.252,24.119,24.864
519,58.359,18.263,25.404,4.474,22.703,20.085
520,73.847,20.739,18.925,5.683,25.931,54.498
521,93.905,22.865,62.259,9.205,36.36,92.695
522,115.184,25.795,50.994,10.65,37.123,100.244
523,64.231,14.424,12.844,8.862,37.461,45.511
524,63.263,16.639,31.831,6.648,29.638,36.621
525,70.377,15.059,25.319,7.96,24.71,48.246
526,57.675,12.175,25.262,7.254,24.153,42.728
527,68.296,14.231,32.792,8.928,26.56,55.263
528,141.287,30.45,124.24,10.714,43.575,121.635
529,116.349,15.656,61.198,10.426,43.444,80.302
530,61.915,27.925,21.832,1.537,33.333,92.884
531,66.116,13.141,33.175,5.472,30.287,103.516
532,101.666,18.179,2.602,6.299,29.243,63.724
533,99.125,25.768,39.569,4.506,33.832,51.856
534,97.582,34.299,40.154,10.173,34.228,69.729
535,109.389,42.242,70.551,11.996,59.298,114.017
536,147.891,51.133,67.19,9.451,52.98,118.836
537,82.832,24.901,38.283,6.115,50.948,60.872
538,71.006,18.202,48.369,6.431,31.633,54.261
539,75.729,14.458,31.469,4.455,22.57,50.263
540,91.213,24.073,30.021,6.563,33.503,47.43
541,120.944,30.135,35.441,8.624,52.243,63.084
542,180.787,33.162,66.839,13.596,65.339,137.522
543,209.308,28.498,95.584,9.123,64.144,92.322
544,82.705,15.213,42.155,5.35,37.586,37.642
545,86.043,24.145,35.054,5.317,42.784,39.004
546,68.165,24.749,34.882,3.027,35.3,28.395
547,84.271,17.651,37.37,11.272,35.101,31.745
548,125.701,69.793,60.713,12.997,66.314,88.954
549,138.402,38.272,82.658,18.428,57.833,90.656
550,110.056,26.605,27.438,13.349,45.686,59.918
551,90.081,38.027,59.009,12.782,81.754,59.045
552,70.388,45.257,46.598,8.174,58.207,63.48
553,65.654,39.688,34.15,9.827,66.638,40.437
554,60.316,35.897,34.198,7.001,66.856,44.163
555,90.664,31.834,46.045,16.284,49.32,78.764
556,130.766,43.284,60.006,14.224,80.046,112.412
557,147.528,114.262,59.741,11.879,81.556,84.804
558,76.365,35.175,56.153,8.582,57.481,46.232
559,86.15,54.466,29.824,10.573,81.87,33.489
560,85.232,35.007,41.626,10.637,74.888,46.619
561,73.369,21.816,22.185,12.889,63.209,48.916
562,103.099,23.405,48.285,6.196,78.342,53.083
563,124.109,37.538,56.825,9.146,96.244,49.827
564,137.15,58.007,52.794,14.67,87.336,55.987
565,90.383,11.755,42.312,10.665,47.324,29.229
566,85.852,9.211,32.418,8.478,56.238,38.752
567,129.677,16.223,50.389,4.206,55.99,72.068
568,134.88,32.318,55.56,22.912,68.17,78.146
569,146.062,32.031,58.294,23.798,81.348,77.103
570,210.297,64.541,64.682,22.592,103.68,97.333
571,186.693,74.249,68.285,25.009,124.431,89.483
572,187.463,22.147,38.076,25.579,117.056,68.443
573,153.198,48.877,70.849,26.834,85.379,83.043
574,172.651,32.217,64.858,31.875,93.362,87.094
575,169.503,58.027,95.025,21.963,155.221,66.621
576,188.131,85.253,197.934,54.803,222.648,144.04
577,207.671,90.907,200.905,85.672,356.031,195.987
578,229.022,102.128,234.678,88.028,403.185,153.261
579,0,0,0,0,0,0
580,63.003,13.968,38.25,18.86,52.92,46.534
581,88.412,38.729,37.868,29.266,89.27,104.522
582,116.536,26.229,7.01,51.215,125.952,46.152
583,216.497,48.036,55.923,49.812,168.229,62.232
584,208.189,45.665,2.203,43.637,79.349,94.217
585,219.985,52.784,66.88,38.299,127.903,90.519
586,160.054,43.144,41.735,25.718,105.783,89.43
587,162.297,44.616,29.778,28.361,83.106,48.124
588,138.288,25.255,30.194,17.827,81.859,54.398
589,116.133,23.057,29.54,18.122,95.39,45.478
590,132.508,24.982,38.286,16.356,80.496,44.35
591,154.467,35.481,58.417,19.233,63.244,44.628
592,165.85,37.882,38.757,18.593,53.381,62.028
593,150.014,35.754,24.829,22.165,56.165,43.618
594,154.453,30.547,50.087,13.33,65.561,54.996
595,99.015,21.875,25.24,8.002,50.306,19.235
596,112.077,20.645,38.54,16.258,64.96,28.335
597,98.783,24.401,34.695,13.181,77.479,44.249
598,120.64,49.665,38.763,19.604,84.409,49.453
599,105.918,36.386,35.58,19.499,80.204,29.076
600,85.387,28.045,26.034,12.819,54.127,11.197
601,78.356,21.47,25.201,14.993,83.428,14.499
602,65.21,28.796,17.076,10.987,46.044,16.979
603,75.146,34.624,19.778,11.295,60.707,27.097
604,96.432,25.668,43.644,15.162,66.539,33.498
605,118.507,29.244,40.831,22.413,96.277,44.56
606,94.607,34.072,33.006,17.194,90.842,29.748
607,77.285,22.582,27.838,14.358,66.122,11.887
608,75.286,22.944,5.051,13.075,60.582,18.112
609,70.109,18.905,23.171,8.61,69.755,17.916
610,62.041,21.88,27.705,14.025,54.075,15.525
611,78.622,20.119,21.276,9.297,72.59,28.908
612,125.495,29.269,44.23,14.836,102.358,33.725
613,141.174,31.384,47.119,19.161,81.904,39.323
614,76.686,0.632,24.482,11.448,52.889,12.626
615,82.174,14.951,6.754,9.594,71.127,14.096
616,66.059,15.084,17.2,8.401,62.036,21.91
617,73.508,16.971,16.626,10.189,57.407,14.375
618,88.822,19.221,29.63,15.262,53.281,11.525
619,129.766,27.529,37.329,24.795,95.029,23.441
620,101.51,30.393,28.204,19.47,77.903,25.827
621,98.279,9.127,15.345,12.678,96.701,13.799
622,102.329,7.721,15.026,12.816,80.283,17.42
623,105.619,11.877,16.886,12.564,72.957,17.088
624,108.394,12.813,30.851,15.834,84.519,22.721
625,112.098,14.473,28.674,16.346,94.461,29.952
626,201.276,24.298,45.815,26.011,129.315,49.829
627,173.788,16.749,43.592,21.443,105.566,43
628,192.734,13.613,25.391,25.338,72.925,28.074
629,133.244,16.239,27.306,21.947,87.671,31.656
630,88.811,7.625,15.255,17.569,82.278,28.279
631,106.202,7.711,16.899,16.036,48.68,18.106
632,132.493,14.528,43.221,17.128,74.387,43.386
633,152.529,16.707,43.227,23.286,94.554,43.183
634,140.651,11.68,41.214,26.977,89.283,24.078
635,85.85,2.089,19.777,15.998,64.16,21.238
636,75.286,0,18.541,13.184,65.004,26.983
637,86.195,30.3,27.389,17.223,69.721,22.45
638,92.587,25.097,30.993,10.145,54.92,26.203
639,130.262,25.701,25.437,16.697,80.48,19.915
640,133.168,26.163,34.452,18.016,71.349,30.03
641,111.538,16.438,42.998,23.887,96.131,46.766
642,148.726,22.224,31.759,23.387,107.732,40.745
643,146.419,21.248,21.71,15.356,38.664,31.476
644,109.945,17.497,5.855,11.695,38.127,20.492
645,85.201,10.494,6.533,14.479,28.799,14.881
646,87.65,10.629,6.366,12.371,36.973,18.886
647,141.102,15.591,11.218,27.258,133.106,35.619
648,184.591,7.757,18.379,24.485,113.881,30.946
649,93.428,6.383,1.03,10.687,69.305,11.87
650,106.268,6.375,7.538,20.041,76.22,16.859
651,100.363,9.797,4.61,20.903,76.95,31.963
652,128.586,6.047,6.495,21.356,59.011,21.589
653,131.828,10.73,14.18,17.358,69.72,39.136
654,124.808,12.666,15.042,32.118,84.376,28.104
655,107.549,20.254,9.701,32.008,85.746,40.244
656,112.679,12.087,3.024,23.28,62.95,28.667
657,101.391,7.869,5.106,16.985,53.306,23.736
658,105.275,11.413,2.772,18.031,51.324,33.394
659,112.794,8.548,3.552,11.668,59.831,27.479
660,114.043,18.726,7.417,20.471,69.833,26.309
661,118.653,19.648,9.767,25.194,86.55,27.473
662,99.189,15.603,4.52,13.679,63.739,32.921
663,116.365,16.833,4.202,20.592,94.828,28.121
664,91.764,9.969,4.905,14.113,61.328,13.139
665,88.807,9.138,2.398,24.953,64.366,27.102
666,111.594,11.202,2.139,21.918,80.389,16.357
667,106.052,21.479,7.15,29.707,96.804,24.064
668,141.039,28.319,9.22,35.229,81.21,34.151
669,147.275,23.295,10.863,36.606,65.841,33.083
670,115.468,13.734,8.503,47.127,57.464,42.191
671,88.193,27.601,2.868,42.378,67.711,18.375
672,105.769,26.182,6.398,44.495,51.194,27.071
673,90.652,18.79,1.193,26.05,32.252,16.992
674,95.683,20.488,3.42,32.15,56.612,19.454
675,113.896,23.375,4.66,34.564,86.212,34.837
676,116.519,42.607,4.476,33.433,86.554,35.067
677,91.68,29.087,3.538,34.866,55.773,34.581
678,95.42,22.638,5.181,13.224,59.294,9.417
679,86.213,19.261,2.043,15.419,42.635,20.87
680,79.619,24.59,5.134,22.173,37.193,21.925
681,102.98,21.993,2.792,45.528,58.386,26.1
682,159.404,48.521,11.341,51.014,79.242,26.77
683,156.705,43.781,6.072,43.627,63.751,34.51
684,82.78,23.633,4.637,19.412,41.681,18.527
685,67.12,15.163,1.853,23.194,41.52,12.789
686,92.724,20.24,0.926,21.794,40.714,20.598
687,92.356,17.603,3.425,21.799,31.666,13.195
688,90.647,13.908,3.575,22.675,37.853,14.719
689,154.655,26.494,4.691,43.426,45.847,43.484
690,164.269,23.847,4.885,29.841,40.385,23.398
691,92.654,15.361,4.437,26,35.072,4.637
692,122.403,27.64,3.361,29.285,32.072,14.041
693,84.787,19.562,4.619,22.563,31.823,18.698
694,88.361,25.011,4.438,29.903,39.188,21.185
695,86.554,18.568,8.858,27.341,31.927,19.308
696,188.829,35.114,8.906,54.447,55.568,46.827
697,178.516,42.403,7.44,55.666,62.521,33.517
698,92.512,24.336,6.684,25.618,31.081,16.585
699,87.827,15.854,6.611,18.11,38.356,39.474
700,90.488,22.234,5.084,21.105,43.718,35.603
701,112.624,20.605,11.33,34.716,47.188,36.405
702,185.595,29.489,14.235,59.95,69.903,61.149
703,113.331,13.898,5.135,39.752,38.876,27.698
704,102.505,21.97,10.109,42.328,41.001,41.369
705,104.547,23.309,5.253,37.312,40.803,26.543
706,105.767,20.909,6.312,23.212,38.975,28.139
707,113.862,17.046,6.725,27.37,40.959,28.048
708,281.247,21.532,5.241,35.271,41.651,27.768
709,115.093,13.058,9.447,38.776,37.531,27.152
710,195.647,34.691,9.209,48.32,61.054,36.533
711,166.515,29.698,10.588,49.505,67.529,49.293
712,116.051,23.638,3.944,33.306,29.923,35.014
713,110.671,23.587,14.604,29.762,29.213,16.266
714,105.84,18.931,5.184,33.776,39.656,26.243
715,109.346,18.079,5.347,35.463,49.712,32.228
716,118.682,27.301,6.549,36.326,47.1,36.568
717,191.228,29.834,18.484,47.584,79.94,50.206
718,187.623,31.956,15.541,40.858,79.311,49.153
719,123.54,26.02,8.896,27.416,46.065,35.656
720,110.973,22.014,6.063,27.152,32.467,29.804
721,108.759,23.449,13.806,22.451,35.161,28.097
722,84.617,14.583,5.402,17.152,29.211,28.488
723,104.325,17.64,25.878,22.836,33.789,29.265
724,155.786,22.426,40.332,28.57,39.414,47.569
725,163.919,36.32,31.364,33.783,43.418,54.309
726,105.207,21.772,12.659,21.427,28.077,26.887
727,133.899,23.307,19.501,13.137,28.268,39.702
728,156.09,40.424,16.118,26.758,21.954,39.934
729,127.274,47.528,10.625,21.969,29.259,38.627
730,149.719,28.897,15.086,17.165,25.326,50.953
731,195.295,55.851,28.667,27.475,55.999,45.704
732,188.672,47.944,63.873,42.368,58.67,42.18
733,116.605,27.955,20.219,17.802,47.458,36.688
734,133.21,42.64,34.508,17.524,49.728,50.367
735,164.461,31.186,39.018,9.038,51.119,32.226
736,134.044,50.962,43.066,14.602,39.874,29.189
737,129.05,48.356,32.713,7.971,42.7,49.425
738,173.971,44.535,44.591,26.107,73.124,55.629
739,186.916,67.457,35.703,21.797,85.669,80.418
740,133.262,24.264,43.103,30.141,57.659,55.108
741,129.271,64.579,29.78,19.218,49.014,27.869
742,150.034,46.435,31.995,12.755,57.841,63.603
743,131.965,34.033,12.376,14.374,52.446,44.709
744,118.425,30.18,43.241,11.364,60.497,66.136
745,175.925,59.714,107.272,18.431,73.235,89.471
746,190.249,53.705,131.3,21.934,63.421,73.671
747,132.053,43.19,57.442,11.582,50.507,52.193
748,134.06,33.363,90.19,20.509,49.966,44.352
749,160.945,43.777,89.355,17.192,88.656,37.088
750,140.656,38.147,75.92,18.296,130.268,43.486
751,119.449,33.655,44.43,16.449,91.719,60.678
752,163.238,45.47,67.395,20.601,128.405,101.743
753,187.595,45.96,112.091,10.549,55.957,67.64
754,128.305,79.565,90.633,17.972,66.762,66.315
755,161.551,73.97,68.863,18.262,98.29,59.465
756,131.633,67.503,71.087,14.402,108.891,58.869
757,170.771,60.76,70.756,22.58,116.81,69.521
758,331.236,64.225,66.925,15.616,120.741,52.634
759,343.157,61.873,71.293,13.837,141.664,86.456
760,320.998,49.207,131.591,19.875,142.906,98.219
761,304.399,82.282,91.813,29.243,154.113,36.451
762,270.798,80.493,28.385,14.101,122.284,57.276
763,337.105,68.436,95.589,15.585,159.987,76.332
764,354.404,65.154,64.171,17.149,152.644,81.526
765,329.423,72.799,43.931,13.432,169.692,66.543
766,355.128,96.079,106.723,15.462,183.489,91.924
767,316.069,86.982,89.746,26.316,211.184,105.113
768,302.077,76.689,86.531,18.528,138.495,87.266
769,322.432,75.303,54.281,17.542,161.631,77.1
770,288.214,70.518,89.973,17.255,168.921,39.034
771,313.919,73.029,70.377,13.387,159.507,68.939
772,326.821,74.91,79.938,15.139,166.473,60.39
773,478.995,102.596,139.761,28.498,223.384,72.19
774,394.715,120.907,97.044,32.987,188.234,87.77
775,347.367,85.398,102.925,24.222,120.999,67.468
776,368.861,81.22,69.881,18.14,183.738,71.408
777,358.863,87.672,104.095,20.658,146.131,66.376
778,424.262,121.725,81.503,26.979,223.117,84.219
779,399.426,186.155,144.451,89.616,334.781,91.655
780,429.043,123.124,95.698,18.641,209.291,70.643
781,432.675,82.198,87.971,19.233,219.055,72.191
782,303.2,45.204,66.488,14.33,104.653,47.201
783,258.56,43.039,86.205,13.572,111.097,48.094
784,233.767,46.96,57.232,14.23,73.184,59.056
785,243.786,63.776,51.219,12.514,110.13,41.528
786,250.941,48.086,48.72,11.488,129.03,73.827
787,357.705,57.998,104.458,19.554,154.266,68.656
788,252.244,88.504,102.839,25.88,251.609,71.953
789,297.05,45.738,59.775,13.378,116.076,74.182
790,236.727,66.738,93.293,7.934,114.188,33.987
791,242.409,35.261,28.994,3.304,61.621,30.29
792,311.034,47.503,56.77,11.464,100.922,58.419
793,328.216,42.416,53.186,4.884,103.825,61.119
794,419.813,53.626,88.589,15.738,176.628,77.887
795,491.166,62.544,124.55,18.362,185.402,87.775
796,285.889,53.158,60.192,10.812,117.607,47.452
797,250.203,39.139,54.584,11.684,93.769,40.62
798,260.624,40.007,58.284,12.388,69.663,44.356
799,222.033,42.528,46.658,7.918,90.435,62.072
800,311.923,66.968,111.676,4.65,179.34,103.568
801,418.263,72.293,155.467,0.491,146.777,114.942
802,349.924,63.234,97.363,6.927,83.984,92.33
803,315.002,71.588,38.383,0,145.6,98.587
804,216.669,47.126,25.627,0,104.849,68.334
805,185.157,41.841,27.935,0,70.053,53.107
806,201.569,27.431,29.546,0,66.529,56.663
807,193.806,41.283,26.977,0,107.825,74.425
808,358.256,69.613,50.024,0,168.436,90.05
809,376.496,57.716,58.668,0,177.806,80.373
810,212.507,38.815,9.274,0,45.683,30.316
811,262.543,42.297,14.946,0,67.862,47.235
812,213.475,32.068,18.429,0,86.458,46.791
813,226.528,50.388,20.182,0,73.801,50.943
814,243.19,64.26,30.662,0,85.824,87.179
815,345.852,75.743,49.291,0,193.743,101.607
816,320.644,55.324,14.038,0,132.468,118.404
817,196.445,30.76,34.863,0,59.178,58.142
818,158.187,29.389,35.665,0,63.594,37.499
819,142.124,32.625,62.641,0,77.96,53.384
820,175.757,31.877,43.663,0,84.368,44.333
821,200.098,53.33,70.235,0,107.477,53.895
822,318.485,76.799,102.731,0,169.374,122.01
823,253.861,61.869,81.611,0,178.918,91.23
824,252.753,59.161,93.09,0,116.323,81.689
825,328.918,49.869,104.984,0,115.099,117.054
826,373.666,40.769,118.421,0,162.721,87.491
827,353.217,71.588,132.357,0,208.677,184.582
828,468.857,87.403,110.302,0,169.976,154.165
829,360.319,37.814,81.908,0,114.629,108.094
830,342.075,53.058,66.479,0,110.966,121.547
831,288.07,47.046,46.834,0,134.737,103.327
832,244.759,29.66,51.596,0,119.426,89.443
833,240.312,29.309,39.206,0,121.317,82.773
834,151.966,30.605,61.838,0,84.845,70.046
835,135.637,11.595,13.046,0,49.262,65.579
836,375.026,60.965,101.798,12.033,203.098,223.125
837,367.681,62.74,86.333,2.55,178.909,209.72
838,247.302,35.261,38.615,5.762,111.662,104.537
839,273.91,56.159,41.022,7.187,155.233,156.31
840,225.807,33.063,38.515,13.004,96.132,105.856
841,242.853,30.363,52.368,4.701,105.947,88.041
842,611.594,95.213,97.068,38.486,398.396,288.383
843,299.448,56.496,77.747,7.952,155.908,157.648
844,242.892,38.944,61.265,14.581,138.434,152.181
845,199.326,30.369,37.236,3.223,73.345,85.05
846,217.397,36.506,36.981,4.156,125.16,89.459
847,226.633,38.152,35.475,4.56,117.386,104.795
848,209,31.661,35.991,2.299,114.668,116.582
849,229.524,40.855,63.12,11.885,136.101,164.567
850,367.131,64.036,98.462,11.396,166.485,246.83
851,221.196,76.791,67.588,10.805,203.145,197.429
852,85.398,47.777,32.213,3.319,83.714,60.844
853,96.786,39.603,29.485,3.305,101.963,96.659
854,0,0,0,0,0,0
855,83.973,63.801,13.926,4.012,129.249,120.855
856,0,0,0,0,0,0
857,190.421,73.537,74.216,9.816,158.362,176.843
858,162.064,75.888,60.306,4.647,135.245,165.482
859,102.677,47.225,22.799,3.256,108.169,86
860,96.371,41.117,31.054,3.86,77.122,82.087
861,127.795,35.22,21.313,2.871,75.307,68.901
862,122.883,39.756,17.046,6.897,88.303,74.627
863,173.21,45.043,40.363,7.801,130.229,163.552
864,293.677,56.455,73.358,10.572,204.119,257.066
865,312.032,50.639,54.616,7.366,188.274,206.762
866,180.626,38.303,27.893,5.605,104.647,99.074
867,165.843,38.944,31.82,7.266,93.884,102.92
868,205.406,18.714,17.224,2.568,105.807,92.695
869,232.975,38.752,40.679,8.038,104.356,90.18
870,367.523,68.424,59.901,17.923,212.654,153.087
871,1265.473,122.161,183.307,35.948,436.061,440.93
872,146.034,97.969,65.057,0.252,197.334,156.828
873,821.168,132.212,264.657,55.692,352.422,343.02
874,173.192,36.972,30.541,4.816,82.219,36.489
875,247.572,31.84,50.24,8.243,98.441,68.562
876,260.618,31.131,29.738,8.455,105.612,43.262
877,228.796,46.435,62.003,16.927,103.304,32.969
878,352.511,47.408,37.043,9.864,89.276,57.284
879,40.471,3.192,3.165,4.146,17.031,8.596
880,40.862,10.708,1.809,1.04,13.451,3.012
881,31.298,7.624,9.194,1.778,6.066,8.283
882,0,0,0,0,0,0
883,0,0,0,0,0,0
884,0,0,0,0,0,0
885,0,0,0,0,0,0
886,99.399,24.722,18.158,1.168,53.404,30
887,170.093,30.282,41.811,0,118.657,114
888,226.171,38.551,67.863,7.977,97.963,98.62
889,272.787,25.636,64.331,11.597,82.55,124.352
890,173.924,46.357,47.48,4.524,131.273,82.678
891,140.88,41.33,30.039,4.422,99.447,71.484
892,231.009,55.053,73.28,6.572,161.982,149.336
893,204.481,62.536,63.385,3.629,171.695,144.333
894,173.035,27.823,30.168,3.379,95.825,85.722
895,185.802,37.876,50.434,5.316,103.872,91.195
896,226.115,40.701,29.923,6.973,96.198,102.181
897,291.759,44.891,60.996,8.607,151.972,94.034
898,305.67,28.131,59.198,6.839,147.869,141.993
899,265.09,43.945,97.791,16.786,153.757,142.647
900,295.364,68.962,65.117,12.025,123.469,131.36
901,201.178,47.456,67.122,11.56,97.845,86.269
902,252.224,45.501,53.792,6.731,88.82,103.847
903,285.265,76.358,61.727,17.74,137.998,128.851
904,223.248,33.671,45.018,8.883,93.949,99.983
905,210.784,29.486,54.487,8.921,91.649,92.544
906,285.085,47.279,61.874,11.582,117.564,139.067
907,362.94,51.941,105.129,5.742,166.418,160.777
908,253.075,27.857,56.004,12.022,114.691,115.933
909,253.518,39.591,72.514,6.541,121.716,102.06
910,257.429,36.052,60.286,8.167,99.953,119.913
911,237.407,25.895,66.287,3.656,129.853,123.439
912,244.088,29.769,62.525,6.173,118.877,131.883
913,329.509,39.573,103.271,5.574,198.248,178.021
914,329.635,39.38,92.503,7.926,174.426,159.047
915,287.812,36.172,54.334,17.834,154.451,132.934
916,215.984,30.654,50.818,3.617,128.134,86.599
917,171.91,27.843,48.908,3.929,123.447,88.495
918,186.069,25.709,32.701,5.835,108.643,101.317
919,202.912,27.047,59.67,6.648,106.774,115.083
920,187.324,24.606,53.524,11.499,112.31,108.037
921,219.372,34.433,56.788,15.154,124.983,115.9
922,185.585,31.341,39.959,11.607,89.474,100.363
923,200.196,15.292,45.848,9.913,119.602,100.017
924,185.254,31.199,44.885,9.782,126.12,88.976
925,202.709,27.908,43.65,9.159,113.15,87.742
926,215.635,29.708,31.759,15.213,137.769,123.264
927,447.993,55.134,112.724,31.542,197.217,204.679
928,278.968,61.584,92.61,21.246,154.044,178.944
929,216.173,46.516,61.379,21.066,121.081,144.546
930,180.232,39.869,86.319,22.71,117.137,166.406
931,281.893,58.399,84.28,41.459,218.267,212.899
932,371.074,104.101,157.124,61.759,350.275,384.359
933,594.071,138.142,252.074,75.97,604.231,455.627
934,0,0,0,0,0,0
935,219.378,34.134,39.08,17.629,91.232,91.901
936,291.352,66.018,46.756,31.043,124.14,146.538
937,205.447,89.421,84.834,31.05,181.951,48.517
938,245.072,114.337,97.229,37.569,140.698,165.671
939,272.125,60.15,72.927,32.835,226.705,204.906
940,283.135,69.283,87.434,31.75,284.492,215.811
941,235.443,43.626,63.873,30.24,246.343,163.237
942,229.694,40.249,48.473,15.298,194.121,122.262
943,216.18,42.686,52.383,15.248,153.832,113.826
944,202.836,37.502,40.683,13.52,157.934,104.426
945,156.42,33.307,32.281,12.689,136.909,92.321
946,204.688,41.747,32.252,15.701,142.663,125.853
947,189.282,53.285,54.97,14.786,187.654,125.441
948,252.725,39.93,85.605,20.698,232.871,126.55
949,281.351,39.59,83.513,15.281,140.199,112.777
950,179.662,34.646,11.684,12.377,91.363,79.476
951,154.543,33.83,25.653,12.441,99.937,63.807
952,161.297,35.924,39.347,8.429,93.975,75.372
953,203.645,30.833,42.757,13.362,138.13,88.67
954,175.847,31.996,49.257,12.794,125.468,103.7
955,243.908,53.417,77.149,16.919,164.9,143.531
956,309.307,48.809,74.087,28.032,158.806,109.179
957,226.189,33.601,30.456,14.143,107.056,103.147
958,160.285,37.56,39.561,14.301,108.672,75.069
959,184.475,31.355,41.209,6.735,105.647,72.325
960,155.351,34.159,32.783,7.394,105.95,74.701
961,160.609,38.594,28.471,8.283,136.319,104.876
962,285.815,48.488,65.745,21.074,181.095,134.317
963,230.404,45.805,48.268,17.567,162.066,105.097
964,138.164,29.447,24.15,7.391,61.627,64.776
965,150.154,29.466,24.144,12.593,101.221,55.615
966,138.874,29.54,31.124,9.991,82.293,74.474
967,154.467,33.284,22.517,11.31,104.048,77.906
968,134.956,31.17,35.391,11.328,134.183,83.785
969,219.47,44.994,41.824,10.979,170.605,115.867
970,243.01,47.396,34.64,14.041,149.738,92.628
971,136.926,13.221,13.331,8.846,88.884,65.006
972,115.968,27.118,21.011,7.007,96.706,61.482
973,139.125,23.98,15.748,9.504,105.906,73.717
974,131.001,28.182,21.735,7.568,114.103,62.87
975,152.142,34.915,29.054,13.904,128.818,90.386
976,163.918,33.769,34.038,12.627,142.301,105.25
977,178.491,47.699,31.386,15.741,132.344,84.307
978,107.018,23.166,18.411,10.117,96.609,54.979
979,125.449,31.21,19.542,8.469,100.437,71.957
980,119.807,22.18,17.906,9.434,105.092,65.41
981,121.336,22.245,22.284,7.751,105.856,44.888
982,131.927,12.423,21.612,14.024,150.26,71.433
983,222.762,15.802,38.49,20.211,179.657,116.774
984,195.971,19.536,33.314,18.27,157.361,109.272
985,135.094,10.596,18.418,12.188,93.967,55.527
986,140.076,9.076,9.612,11.759,104.067,46.835
987,171.809,9.683,17.683,8.037,105.561,81.886
988,190.911,31.584,25.921,11.892,102.213,89.875
989,238.58,48.093,46.065,16.576,158.28,136.726
990,289.075,59.217,52.936,29.56,186.58,147.687
991,247.366,49.399,41.768,26.328,173.339,125.119
992,195.663,37.566,22.99,9.431,119.286,74.011
993,193.124,35.803,12.098,10.702,114.7,80.883
994,170.723,27.368,17.709,12.133,125.087,89.191
995,179.648,29.488,25.455,10.903,108.067,70.785
996,202.72,33.301,22.479,18.402,153.262,105.586
997,253.903,28.459,40.776,22.364,187.221,112.197
998,264.043,48.675,30.047,20.143,179.458,120.223
999,149.361,20.459,15.436,12.216,105.211,74.574
1000,145.975,18.519,14.816,15.485,92.394,79.756
1001,130.475,26.46,23.049,8.567,101.237,86.112
1002,179.795,25.925,13.154,14.654,86.212,63.476
1003,208.892,34.604,22.161,21.134,138.204,104.745
1004,208.377,35.079,26.836,23.388,154.887,101.324
1005,185.985,39.362,27.876,20.488,165.351,109.447
1006,170.821,16.457,29.721,19.201,114.41,93.459
1007,169.641,20.022,14.977,20.162,121.552,90.507
1008,217.271,45.417,24.199,22.225,139.304,115.412
1009,136.403,23.05,9.889,12.387,109.473,73.004
1010,131.267,31.899,16.629,9.746,97.645,88.025
1011,183.926,35.691,20.73,19.815,137.92,128.855
1012,197.616,30.536,30.084,15.846,136.063,83.908
1013,123.411,18.365,17.868,12.818,73.788,51.773
1014,158.881,15.788,7.577,13.366,85.563,62.405
1015,118.18,17.265,19.088,8.998,84.989,63.48
1016,92.251,19.775,15.052,9.198,76.901,51.532
1017,131.729,18.183,26.338,19.025,89.822,83.023
1018,208.169,20.852,28.049,16.674,138.985,106.142
1019,204.874,23.472,16.458,20.902,133.274,85.949
1020,106.884,14.475,7.066,9.19,68.456,39.145
1021,182.607,16.779,15.097,16.152,78.486,66.338
1022,156.553,19.103,12.216,13.945,76.651,58.407
1023,122.087,19.807,12.171,10.307,70.384,55.919
1024,215.684,26.17,28.934,30.95,125.533,89.492
1025,330.85,40.026,27.103,39.651,185.589,158.36
1026,279.352,22.853,10.291,21.876,154.222,81.715
1027,188.222,17.856,13.28,25.565,73.395,60.294
1028,163.704,15.89,9.993,19.3,70.192,68.882
1029,148.39,21.236,4.702,18.526,47.263,45.674
1030,141.667,14.24,11.675,18.48,66.698,62.808
1031,164.327,22.806,14.078,22.141,84.338,81.778
1032,169.132,27.577,24.693,37.234,161.482,127.524
1033,132.248,25.487,16.983,43.783,117.501,97.254
1034,179.89,29.389,22.754,31.862,138.857,83.717
1035,199.057,22.365,20.191,35.967,103.643,66.312
1036,252.366,32.371,11.586,22.717,95.795,72.027
1037,121.428,32.652,9.037,25.655,76.542,55.952
1038,115.371,28.675,13.454,22.324,66.977,63.126
1039,163.827,34.087,17.781,23.097,94.505,99.697
1040,238.132,54.158,18.818,39.966,134.833,115.423
1041,142.341,17.863,9.628,21.757,85.984,58.128
1042,145.033,25.81,7.406,17.224,81.721,49.033
1043,159.328,26.422,10.336,28.106,99.29,78.595
1044,158.484,23.274,9.518,13.908,75.742,42.217
1045,142.706,21.507,16.347,24.496,88.881,67.921
1046,179.071,45.087,20.655,33.208,135.703,95.606
1047,199.509,43.642,15.86,32.974,110.866,97.677
1048,171.35,27.764,7.475,21.584,78.687,61.585
1049,194.936,26.009,9.603,14.181,80.294,57.535
1050,150.478,19.914,12.893,14.296,67.717,54.7
1051,112.688,22.684,8.812,11.595,53.892,49.756
1052,141.327,20.153,9.66,15.232,71.713,60.947
1053,177.822,27.242,11.094,33.825,92.262,82.754
1054,197.446,29.13,13.615,38.276,117.485,94.76
1055,154.18,14.808,8.411,25.981,90.848,70.154
1056,150.721,20.181,14.637,23.022,69.361,49.994
1057,135.51,15.923,9.414,15.749,62.956,47.818
1058,114.768,14.565,13.962,21.865,76.118,50.69
1059,154.12,24.236,20.081,18.213,90.26,53.736
1060,272.537,41.279,24.97,24.313,127.658,91.754
1061,262.277,36.971,22.807,38.881,131.518,109.635
1062,146.434,16.312,12.75,28.536,61.995,53.849
1063,156.287,14.652,8.852,23.886,59.897,46.299
1064,136.132,16.723,7.86,17.471,61.96,46.711
1065,136.982,19.364,9.741,18.475,67.854,44.867
1066,161.142,16.172,11.988,22.501,72.847,68.385
1067,222.081,33.243,29.041,39.399,123.664,94.541
1068,215.285,25.117,21.047,34.741,123.698,95.926
1069,145.142,22.57,12.58,19.989,74.896,49.192
1070,152.439,21.351,14.408,19.081,84.745,56.608
1071,135.735,11.835,14.142,17.873,66.121,44.446
1072,119.287,15.446,9.254,24.509,76.363,49.993
1073,140.024,13.684,15.816,21.798,74.296,55.465
1074,240.235,26.766,19.118,38.116,146.968,98.844
1075,213.908,25.472,21.247,43.303,119.69,79.626
1076,127.399,17.143,10.351,23.087,67.12,36.154
1077,140.865,10.189,12.054,17.659,84.891,54.24
1078,115.605,9.175,7.284,28.361,82.127,43.778
1079,118.42,9.804,16.733,15.908,63.624,34.886
1080,172.11,22.692,15.49,24.133,86.159,58.503
1081,244.334,26.791,22.626,46.628,169.193,93.35
1082,253.447,23.098,23.373,54.553,149.877,72.039
1083,128.701,12.363,11.51,21.207,77.049,43.293
1084,126.228,13.919,11.657,21.592,66.666,39.223
1085,126.263,16.697,27.178,24.123,91.365,63.364
1086,171.919,17.912,38.77,33.866,114.288,77.476
1087,178.718,9.279,18.677,25.398,88.349,55.417
1088,161.495,11.548,16.054,28.369,94.187,54.18
1089,108.895,10.681,16.5,23.315,69.658,35.271
1090,80.524,8.083,10.384,21.224,72.185,39.582
1091,127.278,14.272,16.454,8.415,67.12,38.708
1092,130.182,16.069,14.946,15.651,68.534,53.742
1093,135.09,24.367,22.945,11.511,89.113,48.314
1094,130.464,28.087,19.419,24.53,82.286,39.572
